Channel,Region,Fresh,Milk,Grocery,Frozen,Detergents_Paper,Delicassen,Total_Purchases,Fresh_Ratio,Milk_Ratio,Grocery_Ratio,Frozen_Ratio,Detergents_Paper_Ratio,Delicassen_Ratio
2,3,12669,9656,7561,214,2674,1338,34112,0.3713942307692308,0.5320409215595016,0.4707995374921414,0.07920512709161256,0.2799800649563878,0.19804982601226814
2,3,7057,9810,9568,1762,3293,1776,33266,0.21213851981001625,0.5430429902801164,0.5363030807376605,0.2301455915861079,0.3146266989920462,0.2310580953867585
2,3,6353,8808,7684,2405,3516,7844,36610,0.1735318219065829,0.490499747942335,0.45813536071862127,0.25630535258021325,0.30990213538379,0.4628805454374178
1,3,13265,1196,4221,6404,507,1788,27381,0.48446002702603996,0.208997425904997,0.3926295872303923,0.48361638788931866,0.1360753083279253,0.2555401260050664
2,3,22615,5410,7198,3915,1777,5185,46100,0.49056399132321044,0.3425690867193142,0.3951440606075278,0.2914173606549656,0.1963329767105738,0.33536977358214315
2,3,9413,8259,5126,666,1795,1451,26710,0.3524148259078997,0.5560665730784806,0.4380789211382332,0.15790655929256114,0.2592359825452476,0.2330755738755173
2,3,12126,3199,6975,480,3140,545,26465,0.4581900623464954,0.3476731647836434,0.5133767033318706,0.1346742822138538,0.3444521301708233,0.1435034367180664
2,3,7579,4956,9426,1669,3321,2566,29517,0.2567672866483721,0.40975998120779256,0.5651029963496764,0.2377891643642045,0.33542724112515093,0.2948439483709613
1,3,5963,3648,6192,425,1716,750,18694,0.3189793516636354,0.4417497329658183,0.575525213543235,0.1507798635124264,0.3029755081744176,0.20029933734946304
2,3,6006,11093,18881,1159,7425,2098,46662,0.12871287128712872,0.48757657444624813,0.6361079471873501,0.15760138992256648,0.3989023128068564,0.21204159738373263
2,3,3366,5403,12974,4400,5977,1744,33864,0.09939759036144578,0.3994370595777749,0.6189674613150394,0.3604601096772798,0.42011917133063204,0.22693637460648958
2,3,13146,1124,4523,1420,549,497,21259,0.6183733947974975,0.22993852421137687,0.4612558400688798,0.2584477503543056,0.1606995853853596,0.1528997510858684
2,3,31714,12319,11757,287,3881,2931,62889,0.5042853281177948,0.4425887627633115,0.43237533804936035,0.067554394212308,0.24841880988089682,0.21588405389123724
2,3,21217,6208,14982,3095,6707,602,52811,0.40175342258241653,0.3428575035321732,0.5326264147877381,0.24208513961552766,0.3563706733253273,0.10676675667366196
2,3,24653,9465,12091,294,5058,2168,53729,0.4588397327327886,0.41971639148435597,0.47438039435407275,0.07397232795131437,0.30682096654399343,0.20087470877517036
1,3,10253,1114,3821,397,964,412,16961,0.6045044513884794,0.25628127051612154,0.47463831304666076,0.15299228333320314,0.23840358941563583,0.15585576850606764
2,3,1020,8816,12121,134,4508,1080,27679,0.036851042306441706,0.5643656763489207,0.6617501185554979,0.06957884277441423,0.4035680309505853,0.19753164474941443
1,3,5876,6157,2933,839,370,4478,20653,0.2845107248341645,0.5460004545719499,0.3768464764831264,0.20155306549979893,0.13384719971209477,0.46564020536480355
2,3,18601,6327,10099,2205,2767,3181,43180,0.43077813802686427,0.3827873685519511,0.4836128891855371,0.22597634392336063,0.2531414483388054,0.27141916841628705
1,3,7780,2495,9464,669,2518,501,23427,0.3320954454262176,0.3263449797405386,0.6355928851228045,0.16898755410817293,0.3278457243423575,0.14623809606313806
2,3,17546,4519,4602,1066,2259,2124,32116,0.5463320463320464,0.3751115581147316,0.37854070144160373,0.18218720688749984,0.26521457718548425,0.25716776563878835
1,3,5567,871,2010,3383,375,569,12775,0.4357729941291585,0.26111307730357597,0.3966592389685381,0.5146009036326787,0.17133069613002574,0.21104529707347128
1,3,31276,1917,4469,9408,2381,4334,53785,0.5815004183322487,0.18879064488224617,0.2882535010673211,0.4182327792250328,0.21040163543060939,0.28386631956778285
2,3,22647,9776,13792,2915,4482,5778,59390,0.3813268226974238,0.4057176803735634,0.48190003917010305,0.22154533868665988,0.27471303277939263,0.31191201629640025
2,3,16165,4230,7595,201,4003,57,32251,0.5012247682242411,0.36215842356695715,0.4852798921752798,0.07894532847427042,0.35230694333198725,0.042040302779186196
1,3,9898,961,2861,3151,242,833,17946,0.5515435194472306,0.23140772999490114,0.3992777386509183,0.41902541982908914,0.116124498456915,0.21544611591850732
1,3,14276,803,3045,485,100,518,19227,0.7424975295157851,0.20436287769654488,0.3979585917202717,0.15882362572690956,0.07211809342878084,0.16413799222293488
2,3,4113,20484,25957,1158,8604,5206,65522,0.06277280913281036,0.5591313080696022,0.6294100539108854,0.13294154050293883,0.3623736647913057,0.28187626560937235
1,3,43088,2100,2609,1200,1107,823,50927,0.8460737918982072,0.2030652455303703,0.22634087619328855,0.15350289702675152,0.14743471807022268,0.12712350858706695
1,3,18815,3610,11107,1148,2134,2963,39777,0.47301204213490206,0.3012573061389536,0.5284238041773655,0.16988495964856626,0.23162274002645508,0.27292908113567216
1,3,2612,4339,3133,2088,820,985,13977,0.18687844315661445,0.5571701514468484,0.47344901228314007,0.3865078016637457,0.24221439140655984,0.2654673610762895
1,3,21632,1318,2886,266,918,405,27425,0.7887693710118505,0.21922212691653314,0.3243955180673833,0.09848441288180869,0.18295657538789462,0.12152179992821857
1,3,29729,4786,7326,6130,361,1083,49415,0.601618941616918,0.3112124390703491,0.38503841181012105,0.3522093147495352,0.08547206588320072,0.14804196073757808
1,3,1502,1979,2262,425,483,395,7046,0.21317059324439397,0.5299703556960035,0.5665979265158877,0.2455970498019396,0.2618196548182788,0.23677030216303574
2,3,688,5491,11091,833,4239,436,22778,0.030204583369918343,0.49098466454675505,0.6977945262093971,0.19123382264435201,0.43139381475463007,0.13835200277000512
1,3,29955,4362,5428,1729,862,4626,46962,0.6378561390060049,0.3047681217311095,0.33997472205288864,0.19187756768188238,0.13548160745913856,0.31385533992003456
2,3,15168,10556,12477,1920,6506,714,47341,0.3203988086436704,0.4722054302496297,0.5133769598619841,0.2013872171234256,0.370713426636447,0.12280905574388405
2,3,4591,15729,16709,33,6956,433,44451,0.1032822658657848,0.5948531811125378,0.6131044406823035,0.027246843806239894,0.39558427443411914,0.09869682463574501
1,3,56159,555,902,10002,212,2916,70746,0.793811664263704,0.08857181549382842,0.11291517810569177,0.37600401313683435,0.05474153680893201,0.20302186592230612
1,3,24025,4332,4757,9510,1145,5864,49633,0.48405294864303994,0.2954329702264844,0.3095859997247871,0.4377286727063628,0.1518859074237458,0.3437254725086761
1,3,19176,3065,5956,2033,2575,2802,35607,0.5385457915578398,0.2933915132625408,0.4089871398020879,0.2389466779991725,0.26891865125338515,0.2805216425615036
2,3,10850,7555,14961,188,6899,46,40499,0.26790784957653274,0.43191181506814175,0.6077964534309,0.06813288433749429,0.41273464257601417,0.03370208471791748
2,3,630,11095,23998,787,9529,72,46111,0.013662683524538614,0.49052526706235705,0.7214151428190946,0.13064268447200025,0.4545915859411147,0.03951518120496926
2,3,9670,7027,10471,541,4618,65,32392,0.29853050135836007,0.46576418986768614,0.568558554012318,0.12923488201551026,0.37757921777453984,0.04479585151734192
2,3,5181,22044,21531,1740,7353,4985,62834,0.08245535856383486,0.592308339398733,0.5853757761579088,0.16640917606261033,0.3420857071840585,0.28166651960244066
2,3,3103,14069,21955,1668,6792,1452,49039,0.06327616794795979,0.5356249664571133,0.6691075309293182,0.18442815447433505,0.37215857991640566,0.17207291084108245
2,3,11519,6152,10868,584,5121,1476,35720,0.3224804031354983,0.4150041487130558,0.5515934364628863,0.1278647101374896,0.37863579016007665,0.20327663067314833
2,3,4967,21412,28921,1798,13583,1163,71844,0.06913590557318634,0.5459254808016358,0.6344704509963105,0.15819749109567124,0.43481307823702514,0.12723148767475878
1,3,6269,1095,1980,3860,609,2162,15975,0.39242566510172144,0.26181023841509166,0.3520563335204055,0.49155624605531534,0.19524872785168032,0.36788104493679363
1,3,3347,4051,6996,239,1538,301,16472,0.20319329771733852,0.495915810900125,0.6517060213182306,0.12045526396469469,0.3055659801695998,0.13517926507302208
2,3,40721,3916,5876,532,2587,1278,54910,0.7415953378255327,0.26705186772354705,0.32712608168713503,0.09843059135695006,0.21705634841314952,0.15255965750657957
2,3,491,10473,11532,744,5611,224,29075,0.016887360275150472,0.6001719444081722,0.6297852068021229,0.1599656024934217,0.43929905866126173,0.08777364776296191
1,3,27329,1449,1947,2436,204,1333,34698,0.7876246469537149,0.20435344872942202,0.23688128725247393,0.2649637249681982,0.07667660269376245,0.19600306078887494
1,3,5264,3683,5005,1057,2024,1130,18163,0.2898199636623906,0.45030530975385163,0.5249382866699479,0.24123687957107112,0.3338193157567689,0.2494281297199896
2,3,5417,9933,10487,38,7572,1282,34729,0.1559791528693599,0.5348033002478056,0.5495149280126315,0.03307848870205271,0.4669379405669724,0.19213119036281082
1,3,13779,1970,1648,596,227,436,18656,0.7385827615780446,0.32495546600804814,0.2972140509965453,0.17873675267875802,0.1103071495344792,0.1528741228171112
1,3,6137,5360,8040,129,3084,1603,24353,0.25200180675892087,0.469143993593042,0.5745817000972466,0.07278110094231353,0.3558614551648442,0.2565609333152516
2,3,8590,3045,7854,96,4095,225,23905,0.35933905040786446,0.35690224063519776,0.5731932592460375,0.06337109953293683,0.41388775612546336,0.09701678643426288
2,3,7823,6245,6544,4154,4074,964,29804,0.26248154610119445,0.4577506229389167,0.4685806688741201,0.37333264630443397,0.36972024739530984,0.17984618907444416
2,3,9396,11601,15775,2896,7677,1295,48640,0.19317434210526316,0.4883721954777826,0.5694923582038933,0.24400711810152287,0.39728209022120076,0.16316916875310405
1,3,4760,1227,3250,3724,1247,1145,15353,0.3100371262945353,0.28269990100090814,0.4600923958305557,0.4925022412440684,0.28499458069788064,0.27309020180308435
1,3,9,1534,7417,175,3468,27,12630,0.0007125890736342043,0.3485065978898581,0.7663240654177066,0.11771108127104439,0.5240079417722407,0.04623599486225653
2,3,19913,6759,13462,1256,5141,834,47365,0.4204159189274781,0.37775694054937065,0.5331212851268801,0.16284185796722436,0.329454186840362,0.1326949070277497
1,3,2446,7260,3993,5870,788,3095,23452,0.10429814088350674,0.5563887852034651,0.4126289667062932,0.5002983929674361,0.1833045165719267,0.363279075711409
1,3,8352,2820,1293,779,656,144,14044,0.5947023639988607,0.4481043333773613,0.30342674067274195,0.2355175736225367,0.21612574796811326,0.10125951330350702
1,3,16705,2037,3202,10643,116,1365,34068,0.4903428437243161,0.2445243962168028,0.3065754288931734,0.5589316617973853,0.05835199050837746,0.20016724250881374
1,3,18291,1266,21042,5373,4173,14472,64617,0.28306792330191743,0.1399727378230268,0.5706503824177516,0.2883600052733655,0.2541269925528067,0.47325028201332636
1,3,4420,5139,2661,8872,1321,181,22594,0.1956271576524741,0.47691693765733356,0.34318308587816254,0.6266343595101707,0.24179919273250294,0.08950405781531218
2,3,19899,5332,8713,8132,764,648,43488,0.45757450331125826,0.35015501665406124,0.4476093393540492,0.4324281597197581,0.1325445764771053,0.12206826881567391
2,3,8190,6343,9794,1285,1901,1780,29293,0.2795889803024613,0.4653346901722654,0.5782266765805942,0.20944482684736146,0.2547470318785151,0.24650632966791525
1,3,20398,1137,3,4407,3,975,26923,0.7576421646918992,0.20550316112653305,0.010555988338229063,0.40458502086896436,0.010555988338229063,0.190300786083424
1,3,717,3587,6532,7530,529,894,19789,0.03623225024003234,0.4257491250127097,0.574527953186679,0.6168585147398342,0.1634993053225984,0.21254790817601213
2,3,12205,12697,28540,869,12034,1009,67354,0.18120675832170324,0.43417904945036156,0.6509464878066595,0.11358688559960588,0.4226912982361208,0.12239505923074087
1,3,10766,1175,2067,2096,301,167,16572,0.6496500120685493,0.2662756607205312,0.35316916292251754,0.3556380144144393,0.13477079352497767,0.10038545071825074
1,3,1640,3259,3655,868,1202,1653,12277,0.1335831229127637,0.5152239612316708,0.5456291480696968,0.26589718199953155,0.312900391051543,0.36693598013988565
1,3,7005,829,3009,430,610,529,12412,0.5643731872381567,0.25843800616265106,0.4923684431950676,0.18612870011572005,0.22168894368864375,0.20644622815064484
2,3,219,9540,14403,283,7818,156,32419,0.00675529781918011,0.5424683194460672,0.6665406998218151,0.09343151920008792,0.49107522673425597,0.06936853009172965
2,3,10362,9232,11009,737,3537,2342,37219,0.2784061903866305,0.49804151752622744,0.5438655944140425,0.14071856373002922,0.3082727805970649,0.2508482613272689
1,3,20874,1563,1783,2320,550,772,27862,0.7491924484961596,0.2368499760047347,0.25297029525638903,0.28856114229124447,0.1404996365534557,0.1664571697951498
2,3,11867,3327,4814,1178,3837,120,25143,0.4719802728393589,0.3637624386883576,0.4375669334200274,0.2164532432713592,0.39064957117566423,0.06908473170761217
1,3,43265,5025,8117,6312,1579,14351,78649,0.5501023534946408,0.25276761491836985,0.3212559429324733,0.2832936843175461,0.14169171681288753,0.4271638377681477
1,3,7864,542,4042,9735,165,46,22394,0.35116549075645265,0.15557284947621874,0.4248467669481129,0.6593289434806812,0.08583731712988706,0.045322418732068194
1,3,24904,3836,5330,3443,454,3178,41145,0.6052740308664479,0.30533793625516525,0.35991924669156067,0.2892743843855864,0.1050435506208664,0.27791911177403694
1,3,11405,596,1638,3347,69,360,17415,0.6548952052828022,0.18499559631915347,0.3066868884468647,0.43839552946244303,0.06294522727356094,0.14377703093791788
1,3,12754,2762,2530,8693,627,1117,28483,0.44777586630621774,0.3114002609652535,0.2980350870385285,0.5524487240817276,0.1483682265154124,0.19803124672544348
2,3,9198,27472,32034,3232,18906,5130,95972,0.09584045346559412,0.53502351004006,0.5777411651559247,0.18351154997969832,0.44384113921809704,0.23119924412662926
1,3,11314,3090,2062,35009,71,2698,54244,0.20857606371211562,0.23867305168961084,0.19497030758341424,0.8033670203755152,0.03617873026462108,0.2230206714528677
2,3,5626,12220,11323,206,5038,244,34657,0.16233372767406296,0.5937998995331473,0.5715908532585775,0.07709711501818163,0.3812708462937415,0.0839072388642363
1,3,3,2920,6252,440,223,709,10547,0.0002844410732909832,0.5261710539389483,0.7699189546558839,0.20424990595512532,0.1454078853247985,0.2592738069835999
2,3,23,2616,8118,145,3874,217,14993,0.0015340492229707196,0.4177097373354416,0.7358346811046358,0.09834215720608248,0.508318057304786,0.12030553158424273
1,3,403,254,610,774,54,63,2158,0.18674698795180722,0.34307663215803674,0.5316663785597363,0.5988868264994543,0.15818713475337637,0.17086163369345578
1,3,503,112,778,895,56,132,2476,0.2031502423263328,0.2126834473774777,0.5605501567126978,0.6012238460720116,0.15038990788674672,0.2308934672416322
1,3,9658,2182,1909,5639,215,323,19926,0.48469336545217306,0.3309156525850135,0.3095229822861045,0.5319747073218346,0.10387455277420911,0.12731840760307978
2,3,11594,7779,12144,3252,8035,3029,45833,0.2529618397224707,0.41197678420796063,0.5147445259503327,0.266370500048926,0.41870080713269486,0.257075384596579
2,3,1420,10810,16267,1593,6766,1838,38694,0.036698196102754946,0.5285560318284526,0.648383448105458,0.20290188149761867,0.41816163297175607,0.21794702230818053
2,3,2932,6459,7677,2561,4573,1386,25588,0.11458496170079725,0.5024171680847561,0.5477439625331167,0.3163636796506431,0.422748844941817,0.23273593474081544
1,3,14100,2132,3445,1336,1491,548,23052,0.6116605934409162,0.30411601757056644,0.38658082420843204,0.2407403699696524,0.2543223431839641,0.15418281614604454
1,3,15587,1014,3970,910,139,1378,22998,0.6777545873554222,0.20997807148252898,0.41548009147160464,0.1989187224576572,0.07774319151166673,0.2447820535929802
2,3,1454,6337,10704,133,6830,1831,27289,0.05328154201326542,0.4818901429383218,0.6262954254268401,0.06981231021341765,0.5002839166063557,0.2590301765098078
2,3,8797,10646,14886,2471,8969,1438,47207,0.18634948206833732,0.47488672552536143,0.5615466055538749,0.22878796306619045,0.4358818756398358,0.1745324728728317
2,3,1531,8397,6981,247,2505,1236,20897,0.07326410489543954,0.6338990563098099,0.5779853726263284,0.1087192643989664,0.3462277661835779,0.2432020682810378
2,3,1406,16729,28986,673,836,3,48633,0.028910410626529312,0.586501949910118,0.772020110818517,0.1176364748777359,0.1311105407129589,0.00785407595840826
1,3,11818,1648,1694,2276,169,1647,19252,0.6138583004363183,0.29257733327869556,0.2966325304019532,0.3438335112845105,0.09369262909718754,0.2924885524138754
2,3,12579,11114,17569,805,6457,1519,50043,0.25136382710868654,0.4712631997695417,0.5925184156271792,0.12683124968763929,0.3592061177511796,0.17422369428335865
1,3,19046,2770,2469,8853,483,2708,36329,0.5242643618046189,0.27612972651207823,0.2606956732051984,0.49364928274806164,0.11530465577490924,0.27302197769188546
1,3,14438,2295,1733,3220,585,1561,23832,0.605824102047667,0.31032095265319926,0.269661556060653,0.3675764598604917,0.156674272918568,0.25593000574680097
1,3,18044,1080,2000,2555,118,1266,25063,0.7199457367434066,0.20758470475371693,0.28248700280716893,0.3192853009135931,0.0686158545712554,0.22475032363914568
1,3,11134,793,2988,2715,276,610,18516,0.6013177792179737,0.20694884533174723,0.40171376234424994,0.38292289259336193,0.12209024211501047,0.181506144384539
1,3,11173,2521,3355,1517,310,222,19098,0.585035082207561,0.36332265431190036,0.41913344572357586,0.28183754416075457,0.1274051262113924,0.10781583301431442
1,3,6990,3880,5380,1647,319,1160,19376,0.36075557390586294,0.4474904793953311,0.526937461523405,0.2915511351539878,0.1283108194635669,0.24467913230791247
1,3,20049,1891,2362,5343,411,933,30989,0.6469715060182646,0.247025611717809,0.2760807751446415,0.4152300790974091,0.11516410317697512,0.17351500651215734
1,3,8258,2344,2147,3896,266,635,17546,0.4706485808731335,0.3655019860580499,0.34980576265016966,0.4712164158016107,0.12312656277848286,0.19023823156416447
1,3,17160,1200,3412,2417,174,1136,25499,0.6729675673555826,0.21693471148215293,0.3657993561872671,0.3078766488436118,0.08260627707170634,0.21107052540971513
1,3,4020,3234,1498,2395,264,255,11666,0.34459111949254245,0.5265129066843419,0.3583396957666655,0.4530976115235195,0.15043225905266913,0.1478458383185304
1,3,12212,201,245,1991,25,860,15534,0.7861465173168534,0.11375130252353802,0.12558604733480902,0.3580090289181531,0.04011699126659132,0.23529222425945465
2,3,11170,10769,8814,2194,1976,143,35066,0.3185421776079393,0.5541719940458661,0.5013527585346225,0.2501354221706989,0.2373834054761621,0.06385941040316508
1,3,36050,1642,2961,4787,500,1621,47561,0.7579739702697589,0.1858065791608135,0.24951330856351578,0.3172533561280588,0.10253201998221469,0.18461458941355383
1,3,76237,3473,7102,16538,778,918,105046,0.7257487196085525,0.18182878292530338,0.26001630004016907,0.3967817914608001,0.08605974177218105,0.09348277176054891
1,3,19219,1840,1658,8195,349,483,31744,0.605437247983871,0.2407565361052932,0.22853958681579759,0.5080935171574416,0.10485324806143231,0.12335101860269569
2,3,21465,7243,10685,880,2386,2749,45408,0.47271405919661735,0.39938620101558736,0.4850886088349463,0.13921151159742612,0.22922872181790838,0.246048761331537
1,3,140,8847,3823,142,1062,3,14017,0.009987871869872298,0.7944571481420515,0.5222453867574528,0.10065066196368316,0.2752546862946645,0.014629621518787758
1,3,42312,926,1510,1718,410,1819,48695,0.8689187801622343,0.1378996958354529,0.17609470143971165,0.18783191862398835,0.09175922635750085,0.19327432466682795
1,3,7149,2428,699,6316,395,911,17898,0.39943010392222594,0.36831727542435433,0.1976224758899375,0.5940442667882686,0.14855808619062996,0.22560926809032292
1,3,2101,589,314,346,70,310,3730,0.5632707774798927,0.39737746184828676,0.2901418715560145,0.3045675526084101,0.1369918100915948,0.2882879108999293
1,3,14903,2032,2479,576,955,328,21273,0.7005593945376769,0.3090633315425025,0.3413688533321256,0.16454961543964206,0.21187870786649887,0.12417167851153016
1,3,9434,1042,1235,436,256,396,12799,0.7370888350652395,0.2853289511426844,0.3106314752737346,0.18456749806162986,0.1414268808327464,0.17589746212219712
1,3,7388,1882,2174,720,47,537,12748,0.5795418889237527,0.3842277982412571,0.4129607181726693,0.23765405057879999,0.06071946013973711,0.20524194207097224
1,3,6300,1289,2591,1170,199,326,11875,0.5305263157894737,0.329465276502779,0.46710756115075946,0.3138890182683582,0.12945228749173227,0.16568835679958735
1,3,4625,8579,7030,4575,2447,1542,28798,0.1606014306549066,0.5458045732010964,0.49407911774882574,0.3985789745736105,0.2914981621795689,0.2313987577671653
1,3,3087,8080,8282,661,721,36,20867,0.1479369339147937,0.6222654270912109,0.6299957287925311,0.17797980299628455,0.18588212314113267,0.04153567210621947
1,3,13537,4257,5034,155,249,3271,26503,0.5107723653925971,0.40077839969395296,0.4358219377489333,0.07647479664160566,0.09692864804461661,0.35131181333651423
1,3,5387,4979,3343,825,637,929,16100,0.3345962732919255,0.5561066969432154,0.45567505039533934,0.22636748005145244,0.19891007362952826,0.24021212158015104
1,3,17623,4280,7305,2279,960,2616,35063,0.5026095884550666,0.34937944343339006,0.4564419733320448,0.2549456620364848,0.1654668810031041,0.2731456785888073
1,3,30379,13252,5189,321,51,1450,50642,0.5998775719758304,0.5115467021053854,0.3201005430295335,0.07961540189628305,0.031734354114634544,0.16921099400243417
1,3,37036,7152,8253,2995,20,3,55459,0.667808651436196,0.3591101957765208,0.3857624092132321,0.2323873032384338,0.0189901756001646,0.007354863384099194
1,3,10405,1596,1096,8425,399,318,22239,0.46787175682359816,0.26789142727662957,0.22199727811940223,0.6154989655334017,0.13394571363831478,0.11957927956340855
1,3,18827,3677,1988,118,516,201,25327,0.7433568918545426,0.38102628793841814,0.2801665710562391,0.06825730365109316,0.14273582042094196,0.08908532188278566
2,3,22039,8384,34792,42,12591,4430,82278,0.26786018133644474,0.31921535343371876,0.6502761624755256,0.02259346194622841,0.39119045433117833,0.23203847359715113
1,3,7769,1936,2177,926,73,520,13401,0.579732855757033,0.3800879251351191,0.4030515641835319,0.2628674969375218,0.07380619672510061,0.19698495982544717
1,3,9203,3373,2707,1286,1082,526,18177,0.5062991692798592,0.4307716036442562,0.3859073269364299,0.2659863688581256,0.2439790448587696,0.17011075357586236
1,3,5924,584,542,4052,283,434,11819,0.5012268381419748,0.2222880198911368,0.2141456598947249,0.5855235294475178,0.15474009225235236,0.1916260283265581
1,3,31812,1433,1651,800,113,1440,37249,0.8540363499691267,0.19613982622536474,0.21053108449647714,0.1465506282251912,0.055078475713651036,0.19661830011409615
1,3,16225,1825,1765,853,170,1067,21905,0.7406984706687971,0.2886421864540225,0.28385773045490476,0.1973344396636826,0.08809531888163198,0.22070419140786354
1,3,1289,3328,2022,531,255,1774,9199,0.1401239265137515,0.6014802192755819,0.468835259666547,0.24025749856316203,0.1664944575407293,0.43914353985028437
1,3,18840,1371,3135,3001,352,184,26883,0.7008146412230778,0.22582907797365462,0.34149150656645166,0.33411358296574994,0.11442804173902198,0.08273133749086821
1,3,3463,9250,2368,779,302,1627,17789,0.19467086401708922,0.721099341239413,0.36485061401016494,0.20926324776174202,0.1302949861102694,0.3024252225495312
1,3,622,55,137,75,7,8,904,0.6880530973451328,0.24665909260475635,0.38929252826938726,0.2880357647409632,0.08799637965199708,0.09407208683835973
2,3,1989,10690,19460,233,11577,2153,46102,0.043143464491779096,0.4815362312323981,0.6496980073535598,0.07109156540679211,0.5011158430899385,0.2161036646885127
2,3,3830,5291,14855,317,6694,3182,34169,0.11208990605519623,0.39350725736969866,0.6593563509260465,0.09631933970347341,0.4426156030886341,0.30516445982001467
1,3,17773,1366,2474,3378,811,418,26220,0.6778413424866514,0.22824906438544257,0.30717332867946295,0.35893307446525474,0.17587093943545645,0.12626174791086667
2,3,2861,6570,9618,930,4004,1682,25665,0.11147477108903175,0.5059551845207487,0.6121695902666383,0.1903578714645689,0.39498117743502204,0.25600141242548213
2,3,355,7704,14682,398,8077,303,31519,0.011263047685523019,0.4943925547814145,0.6825058759873947,0.11237127820640512,0.5062194484774516,0.09804717819144802
2,3,1725,3651,12822,824,4424,2157,25603,0.06737491700191384,0.37762478269660665,0.7076727262085512,0.17939823987241346,0.4156828730030824,0.290254956365205
1,3,12434,540,283,1092,3,2233,16585,0.7497135966234549,0.18044262732125557,0.1306277600562639,0.256598185655159,0.013449399357632941,0.36693287492405224
1,3,15177,2024,3810,2665,232,610,24518,0.6190146015172526,0.2873179332146128,0.39420303850389943,0.3296902366978935,0.09727505210217757,0.15773293960022883
2,3,5531,15726,26870,2367,13726,446,64666,0.0855318096062846,0.493141028615402,0.6446082125029623,0.19132033383534383,0.4607167461742225,0.08304804825740408
2,3,5224,7603,8584,2540,3674,238,27863,0.18748878440943187,0.5223703975978586,0.555048479142174,0.3019276736866251,0.3631245725525506,0.09242182521836012
2,3,15615,12653,19858,4425,7108,2379,62038,0.2517005706180083,0.4516144817115111,0.5657686239552523,0.26707162155437886,0.33848919915007897,0.1958250863839159
2,3,4822,6721,9170,993,4973,3637,30316,0.1590579232088666,0.47084829107425585,0.5499823072877844,0.18098337180025245,0.4050170260585127,0.3463663566060089
1,3,2926,3195,3268,405,1680,693,12167,0.24048656201199967,0.5124407725069554,0.5182618845221663,0.18244659291658313,0.3715890321453494,0.2386573770794043
1,3,5809,735,803,1393,79,429,9248,0.628135813148789,0.2819160222453061,0.29466860161049824,0.38810715354107783,0.09242503742629805,0.2153796840570119
1,3,5414,717,2155,2399,69,750,11504,0.47061891515994436,0.2496520527193436,0.4328119076769745,0.45665759747888546,0.07744619919094664,0.255332557426154
2,3,260,8675,13430,1116,7015,323,30819,0.008436354197086214,0.53054896337416,0.6601288827158266,0.1902930056917107,0.4770946716749356,0.10237454622157056
2,3,200,25862,19816,651,8773,6250,61552,0.0032492851572654014,0.6482014067294124,0.5673968394182823,0.1028417385447119,0.37753131449384014,0.31865366962353314
1,3,955,5479,6536,333,2840,707,16850,0.05667655786350148,0.5702308346168019,0.6228107056515518,0.14057955497142674,0.4105435349208192,0.2048376356368472
2,3,514,7677,19805,937,9836,716,39485,0.013017601620868685,0.44094020444690984,0.7082251616361297,0.15404716998774556,0.49910645750177346,0.13466056737487664
1,3,286,1208,5241,2515,153,1442,10845,0.026371599815583218,0.3337480131536394,0.6951720485175671,0.4815642254916761,0.1187766130912453,0.3646429757577664
2,3,2343,7845,11874,52,4196,1697,28007,0.08365765701431785,0.5292528169906121,0.6511262836133445,0.04308919455583951,0.38706548274828,0.24615441263245363
1,3,45640,6958,6536,7368,1532,230,68264,0.6685808039376538,0.3192613501194055,0.30942838844439585,0.32853295674576094,0.14980748613362366,0.05804543252657151
1,3,12759,7330,4533,1752,20,2631,29025,0.4395865633074935,0.5025344893696643,0.39519072685769746,0.245686298164841,0.026249974365271926,0.3010747329684797
1,3,11002,7075,4945,1152,120,395,24689,0.44562355704969825,0.535317538424432,0.44753952657889307,0.21601031473879906,0.06971702929936593,0.1264872638140502
1,3,3157,4888,2500,4477,273,2165,17460,0.18081328751431844,0.5291069655420432,0.37839717432208314,0.50637403377816,0.1250429479483554,0.3521330842866876
1,3,12356,6036,8887,402,1382,2794,31857,0.3878582415167781,0.43528347277012897,0.5281717301468833,0.11233383580947975,0.20828192541488372,0.2961493359233544
1,3,694,8533,10518,443,6907,156,27251,0.0254669553410884,0.5595767363034048,0.6212628167141937,0.12750013401192123,0.5034467088735857,0.07566082583863801
1,3,327,918,4710,74,334,11,6374,0.05130216504549733,0.3795030853354194,0.8596158685604964,0.10774815200763566,0.22891128528242488,0.04154227850842036
1,3,8170,6448,1139,2181,58,247,18243,0.4478430082771474,0.5945171474407674,0.24986977916405698,0.34576394425558565,0.05638529639851089,0.11635909842003357
1,3,3009,521,854,3470,949,727,9530,0.3157397691500525,0.2338150227163535,0.29935222123940447,0.6034180361390272,0.31556342123678605,0.27619814351401356
1,3,2438,8002,9819,6269,3459,3,29990,0.08129376458819607,0.5165484237623457,0.5721967636912961,0.45720492719182587,0.3396151441686843,0.010001667083449108
2,3,8040,7639,11687,2758,6839,404,37367,0.2151631118366473,0.4521412587078171,0.5592518198578263,0.271677088843853,0.4278112352037067,0.10397922270329196
2,3,834,11577,11522,275,4027,1856,30091,0.027715928350669636,0.6202684714198625,0.6187933318949231,0.09559783051702235,0.36582426142832064,0.24835372347730036
1,3,16936,6250,1981,7332,118,64,32681,0.5182215966463695,0.43731295205486864,0.24620369658548144,0.47365656341821477,0.06008877289893462,0.0442529593211327
1,3,13624,295,1381,890,43,84,16317,0.8349574063859778,0.13445930162539707,0.2909220790249985,0.2335472976906947,0.051335059652970735,0.07174960033341753
1,3,5509,1461,2251,547,187,409,10364,0.531551524507912,0.37545803752086554,0.46604091401847336,0.22973647917759388,0.1343250779022825,0.19865429166147647
2,3,180,3485,20292,959,5618,666,31200,0.0057692307692307696,0.3342135813349271,0.8064642678907822,0.17532021984694032,0.42433960758348094,0.14610323010171214
1,3,7107,1012,2974,806,355,1142,13396,0.5305315019408778,0.2748543956128368,0.4711757306198102,0.24529006113937704,0.1627895816534154,0.29197487590143606
1,3,17023,5139,5230,7888,330,1755,37365,0.45558677907132344,0.3708572858327565,0.3741263966698061,0.45946343772802917,0.09397762744428166,0.21672353060844549
1,1,30624,7209,4897,18711,763,2876,65080,0.470559311616472,0.3328233139793717,0.2743097724471144,0.5361974289866324,0.10827756905593973,0.210218372134289
2,1,2427,7097,10391,1127,4314,1468,26824,0.09047867581270504,0.5143700017088072,0.6223961566739701,0.2049746661875697,0.40103132777557554,0.2339382611944888
1,1,11686,2154,6824,3527,592,697,25480,0.4586342229199372,0.290752285768743,0.517511252427737,0.37205146417360135,0.15242673304966772,0.16539282955761347
1,1,9670,2280,2112,520,402,347,15331,0.630748157328289,0.3856400954478298,0.3711604692411852,0.18416895760206345,0.16193017481179445,0.15044560169228582
2,1,3067,13240,23127,3941,9959,731,54065,0.056728012577453066,0.49486403151980785,0.6540358384807377,0.26998840533965324,0.4291901660683448,0.11627881167988323
2,1,4484,14399,24708,3549,14235,1681,63056,0.07111139304744989,0.47786250688713244,0.6259729802775467,0.2372410245510202,0.4751333631342447,0.16327535923483882
1,1,25203,11487,9490,5065,284,6854,58383,0.43168388058167617,0.44356789707733535,0.40317157247992336,0.294541518284236,0.06974546375305789,0.34263272981060655
1,1,583,685,2216,469,954,18,4925,0.1183756345177665,0.37294274951558404,0.670782556853322,0.30859103421184986,0.440119965187158,0.060455126623185404
1,1,1956,891,5226,1383,5,1328,10789,0.18129576420428214,0.28737451774449857,0.6959757475455332,0.358030886220724,0.021527540037642384,0.35083946572072217
2,1,1107,11711,23596,955,9265,710,47344,0.02338205474822575,0.49735274194027723,0.7059707698967651,0.1420264434726447,0.44237465598997733,0.12246068952889272
1,1,6373,780,950,878,288,285,9554,0.6670504500732677,0.2857292379232979,0.3153328268834033,0.30314795262488137,0.17362154854304349,0.17271490240591147
2,1,2541,4737,6089,2946,5316,120,21749,0.11683295783714194,0.4666938154558161,0.5291189800315772,0.36804144285031337,0.49439359930718124,0.07427984287304337
1,1,1537,3748,5838,1859,3381,806,17169,0.08952181256916536,0.4672263104587822,0.583122158758905,0.32905401522491684,0.44376197431503955,0.21666812277453515
2,1,5550,12729,16767,864,12420,797,49127,0.11297249984733446,0.5090225486707489,0.5842080810560716,0.13261625181893794,0.5028062596999906,0.12737055423521085
1,1,18567,1895,1393,1801,244,2100,26000,0.7141153846153846,0.26997150846823703,0.23146689412726623,0.26319048381206867,0.09687422456265332,0.28419928002940253
1,1,7291,1012,2062,1291,240,1775,13671,0.5333187038256163,0.2720759251538999,0.38836867093387367,0.3073002966377622,0.1324968273600481,0.3603288511748049
1,1,3317,6602,6861,1329,3961,1215,23285,0.14245222246081168,0.5324755108332264,0.5428196848136335,0.2389045215355609,0.41244334466897997,0.22842835793534952
2,1,2362,6551,11364,913,5957,791,27938,0.0845443481995848,0.48423496277814193,0.6377756822654119,0.1807747344552524,0.46175982363875623,0.16826375839821478
1,1,2806,10765,15538,1374,5828,2388,38699,0.0725083335486705,0.5274206694835886,0.6336474437114374,0.1884271567622734,0.3880698476717909,0.2484089790109287
2,1,2532,16599,36486,179,13308,674,69778,0.03628650864169222,0.4877325090381102,0.7231091686509299,0.050648578010909794,0.43671402294538314,0.09828125409756808
1,1,18044,1475,2046,2532,130,1158,25385,0.7108134725231436,0.24105016122073442,0.2838992405878919,0.3158226452830556,0.07156210259812608,0.21358251483696214
2,1,18,7504,15205,1285,4797,6372,35181,0.0005116398055768739,0.46184082762167106,0.6574142632649848,0.19111618777973824,0.3692587279757066,0.4255825315661034
1,1,4155,367,1390,2306,86,130,8434,0.4926488024662082,0.20860092687224835,0.4059668779586898,0.5228930303381291,0.10097931662267362,0.12415233095085723
1,1,14755,899,1382,1765,56,749,19606,0.7525757421197593,0.21413386049655914,0.2654969414717192,0.30003910112758186,0.05344406879381461,0.19545483121058455
1,1,5396,7503,10646,91,4167,239,28042,0.1924256472434206,0.5172648657142027,0.6161532426974282,0.056966062717618796,0.3854847996682433,0.09231971561306918
1,1,5041,1115,2856,7496,256,375,17139,0.29412451134838674,0.2550613736635598,0.4082125591355845,0.6613358252871786,0.12221576857960462,0.14791863636023386
2,1,2790,2527,5265,5612,788,1360,18342,0.1521099116781158,0.3711754779292204,0.5357668556850431,0.5531405365434661,0.2072715829649275,0.27229903962900937
1,1,7274,659,1499,784,70,659,10945,0.664595705801736,0.2453775491302674,0.3700777146045977,0.2676394621148625,0.07997258552663807,0.2453775491302674
1,1,12680,3243,4157,660,761,786,22287,0.5689415354242383,0.3814588259738037,0.4318811068319291,0.1720862462083161,0.18478491812566047,0.187795623280471
2,1,20782,5921,9212,1759,2568,1553,41795,0.4972365115444431,0.3763876506955614,0.4694775179380417,0.20514963799182784,0.2478764940662254,0.19276294958167456
1,1,4042,2204,1563,2286,263,689,11047,0.3658911921788721,0.446666743227821,0.3761467484796068,0.4548999991572609,0.15429636585590498,0.24973961274492257
1,1,1869,577,572,950,4762,203,8933,0.2092242247845069,0.2541494882675474,0.2530459247033146,0.32610926353467096,0.730122998214759,0.15074723392038347
1,1,8656,2746,2501,6845,694,980,22422,0.38604941575238605,0.34995571670873227,0.3339793935329118,0.5525219706516703,0.1759310769109055,0.209062367273605
2,1,11072,5989,5615,8321,955,2137,34089,0.32479685529056296,0.4191505359831417,0.40585205525726864,0.49406106511390485,0.16737652812701886,0.25037740295120925
1,1,2344,10678,3828,1439,1566,490,20345,0.11521258294421234,0.7244628352143283,0.43376760791362057,0.2659509523738676,0.27743869421713035,0.15519195100399583
1,1,25962,1780,3838,638,284,834,33336,0.7787976961843053,0.2310751573443858,0.33930928301011315,0.13834185528062792,0.09230015414138613,0.1581707892125319
1,1,964,4984,3316,937,409,7,10617,0.09079777714985401,0.6851538589927129,0.5588642797898399,0.29707690230163303,0.19627308346493222,0.025677226457642015
1,1,15603,2703,3833,4260,325,2563,29287,0.5327619763034793,0.30379846784580017,0.361769513643438,0.3813882912673283,0.10534264942085173,0.2958263529951961
1,1,1838,6380,2824,1218,1216,295,13771,0.133468883886428,0.6806558793640483,0.45284503140423676,0.2973999594725436,0.2971556884173884,0.1463619775766214
1,1,8635,820,3047,2312,415,225,15454,0.5587550148828783,0.230349074797074,0.44403353738397844,0.3867884178544641,0.16387156239197467,0.12066207933057682
1,1,18692,3838,593,4634,28,1215,29000,0.644551724137931,0.36379228632037663,0.1429974680267765,0.3997412956504192,0.031072773313293268,0.20468647176630392
1,1,7363,475,585,1112,72,216,9823,0.7495673419525604,0.21989974856677122,0.2440371031347556,0.33645758364008377,0.08561387932511758,0.1482875888241743
1,1,47493,2567,3779,5243,828,2253,62163,0.7640075285941799,0.20321087768890084,0.24655991022073495,0.29041827809133763,0.11541152659931737,0.19037705887303605
1,1,22096,3575,7041,11422,343,2564,47041,0.4697179056567675,0.2756765025641966,0.38688233420508095,0.4927570030801409,0.08539034875231065,0.23346443843264397
1,1,24929,1801,2475,2216,412,1047,32880,0.7581812652068126,0.23404046481911925,0.27436057046838425,0.2596085392932327,0.11193933010923433,0.17844625435528383
1,1,18226,659,2914,3752,586,578,26715,0.6822384428223844,0.15705982819070344,0.3302685231723806,0.37476051370871993,0.14810551094810273,0.14709107770165658
1,1,11210,3576,5119,561,1682,2398,24546,0.456693554958038,0.3816878979349073,0.4566697028151106,0.15117885985020335,0.2617716622581811,0.31256059463043917
1,1,6202,7775,10817,1183,3143,1970,31090,0.19948536506915407,0.5000804052429415,0.5898519966356198,0.19506619440441503,0.3179521964510508,0.25172291484965226
2,1,3062,6154,13916,230,8933,2784,35079,0.08728869123977308,0.4188467440482944,0.629844886530327,0.08097301601389571,0.5046323230478741,0.281715675610869
1,1,8885,2428,1777,1777,430,610,15907,0.5585591249135601,0.3906881156968793,0.3342331895289754,0.3342331895289754,0.1644144890879165,0.19582619118033506
1,1,13569,346,489,2077,44,659,17184,0.7896298882681564,0.1418978833914973,0.16869114947327415,0.34766111306047826,0.0506015949874114,0.1958306093554361
1,1,15671,5279,2406,559,562,572,25049,0.6256137969579624,0.4590718200951016,0.30992214924454653,0.1493862782525387,0.14978659950154133,0.15111334462538117
1,1,8040,3795,2070,6340,918,291,21454,0.37475529038873867,0.4205830363032106,0.31062115811506213,0.5436138222070906,0.2068555618175001,0.11646417546634284
1,1,3191,1993,1799,1730,234,710,9657,0.3304338821580201,0.4542893269555088,0.4316129493120844,0.4232548427404967,0.15566350786039593,0.2711490321939739
2,1,6134,23133,33586,6746,18594,5121,93314,0.06573504511648842,0.49790051532676194,0.5999371265398104,0.26887459255264456,0.44638851286445935,0.23426315327493943
1,1,6623,1860,4740,7683,205,1693,22804,0.29043150324504474,0.2855952341739006,0.4559147622953915,0.5804434308269041,0.09481376977228495,0.272472679666619
1,1,29526,7961,16966,432,363,1391,56639,0.5213015766521302,0.37490913581033963,0.5473081847104128,0.08733414742256251,0.08005630180401564,0.15671327135327556
1,1,10379,17972,4748,4686,1547,3265,42597,0.24365565650163157,0.6495441833150093,0.33386112170419174,0.3316741579086896,0.19057048967160703,0.27685481804785433
1,1,31614,489,1495,3242,111,615,37566,0.8415588564127137,0.1140924621600294,0.1994909135959774,0.2937710720850776,0.054358067964075905,0.1279499383016184
1,1,11092,5008,5249,453,392,373,22567,0.4915141578410954,0.4710806283329535,0.4822823539050538,0.14168118695228288,0.13179718033035404,0.12856344504133013
1,1,8475,1931,1883,5004,3593,987,21873,0.3874639967082705,0.2971234713786356,0.29340734634813237,0.47830450792796286,0.40529797337024936,0.21242439980930558
1,1,56083,4563,2124,6422,730,3321,73243,0.7657113990415466,0.2495986155635185,0.17029197955409386,0.29610932777448523,0.09983397602042149,0.21293711983511165
1,1,53205,4959,7336,3012,967,818,70297,0.7568601789550052,0.2656003594385647,0.3230436923903554,0.20699463439338942,0.11728563980862645,0.1078718820867312
1,1,9193,4885,2157,327,780,548,17890,0.5138624930128564,0.5225491116284887,0.34723212829791966,0.13519751404238925,0.20880559477993643,0.17501896407667625
1,1,7858,1110,1094,6818,49,287,17216,0.45643587360594795,0.2539190955072049,0.2520824052437164,0.6293067230475632,0.05334969157434809,0.12911444161462826
1,1,23257,1372,1677,982,429,655,28372,0.8197166220217116,0.21990346881865547,0.2431204862706855,0.18604190089991926,0.12296561055361858,0.1519412428079912
1,1,2153,1115,6684,4324,2894,411,17581,0.12246174847847108,0.25183474402279205,0.616589938505853,0.4959307708777922,0.4057209898966067,0.15289705625592853
2,1,1073,9679,15445,61,5980,1265,33503,0.03202698265826941,0.5374937223235038,0.678972379574145,0.04267004185279118,0.4224825184254029,0.19431369672050416
1,1,5909,23527,13699,10155,830,3636,57756,0.10230971673938638,0.6382410337388235,0.4870189712498138,0.41931597658496844,0.11987827702310885,0.25090734990021657
2,1,572,9763,22182,2221,4882,2563,42183,0.013559964914776094,0.48108621536431984,0.725156291014453,0.22945923840720725,0.340196746637834,0.24649355683351856
1,1,20893,1222,2576,3975,737,3628,33031,0.6325270200720535,0.1923422720963626,0.2792621442679904,0.34690272034281877,0.14937326810762402,0.33141547107097963
2,1,11908,8053,19847,1069,6374,698,47949,0.24834720223570877,0.4098161532232975,0.6433653359926581,0.14931349993277365,0.3645996542528401,0.12065294700561245
1,1,15218,258,1138,2516,333,204,19667,0.7737834951949967,0.11453567881523091,0.24054817821722613,0.35767308409237497,0.13012269751352556,0.10184648028952009
1,1,4720,1032,975,5500,197,56,12480,0.3782051282051282,0.28756270219259605,0.2795084971874737,0.6638562556797429,0.12563939036089122,0.06698641270570836
1,1,2083,5007,1563,1120,147,1550,11470,0.18160418482999127,0.6607042291869807,0.3691456712344156,0.31248365258026556,0.11320795841414999,0.36760731104690386
1,1,514,8323,6869,529,93,1040,17368,0.029594656840165823,0.6922533117492623,0.6288858931517315,0.17452310489144088,0.07317564666509553,0.2447043921161982
1,3,36817,3045,1493,4802,210,1824,48191,0.7639808262953663,0.2513683991438646,0.1760138873715768,0.3156662192248357,0.0660125756504796,0.19454919934329715
1,3,894,1703,1841,744,759,1153,7094,0.12602199041443474,0.4899612476980619,0.5094262293687626,0.32384774377825737,0.3270960471737384,0.403152225522688
1,3,680,1610,223,862,96,379,3850,0.17662337662337663,0.6466697906828632,0.24067006029433308,0.4731766096248883,0.15790840679034457,0.3137539775708962
1,3,27901,3749,6964,4479,603,2503,46199,0.6039308210134419,0.2848665347453182,0.38825145651888615,0.3113681911116751,0.1142463591006786,0.23276310247931947
1,3,9061,829,683,16919,621,139,28252,0.3207206569446411,0.17129814756415973,0.15548401726936809,0.7738606190270132,0.1482590460175604,0.07014275203694158
1,3,11693,2317,2543,5845,274,1409,24081,0.485569536148831,0.3101885467142305,0.3249645008770668,0.49266873079422857,0.10666895060052238,0.2418901800065243
2,3,17360,6200,9694,1293,3620,1721,39888,0.435218612113919,0.3942527344383472,0.4929812221160206,0.18004378395154566,0.3012542306959925,0.20771569094109568
1,3,3366,2884,2431,977,167,1104,10929,0.3079879220422729,0.5136974560986579,0.4716309165809371,0.29899027930159383,0.12361410323436879,0.3178295871142859
2,3,12238,7108,6235,1093,2328,2079,31081,0.39374537498793477,0.4782183293255075,0.4478893514509383,0.18752647464925906,0.2736805892994604,0.25863050808511445
1,3,49063,3965,4252,5970,1041,1404,65695,0.7468300479488545,0.24567187324787948,0.25440782755282143,0.3014539695806546,0.1258807165179798,0.14618990888177927
1,3,25767,3613,2013,10303,314,1384,43394,0.5937917684472508,0.28854871092229506,0.21538082944282225,0.4872670085987786,0.08506481889344808,0.17858838205262875
1,3,68951,4411,12609,8692,751,2406,97820,0.7048763034144346,0.21235119027364027,0.3590264898941534,0.29808905454714313,0.08762058315087294,0.15683174773211014
1,3,40254,640,3600,1042,436,18,45990,0.8752772341813437,0.11796638805434902,0.2797818551962664,0.15052275366012985,0.09736694412935497,0.019783564706223267
1,3,7149,2247,1242,1619,1226,128,13611,0.52523694070972,0.40630907193317684,0.30207569330806283,0.3448882569454277,0.3001236489971845,0.0969750400943102
1,3,15354,2102,2828,8366,386,1027,30063,0.5107274723081529,0.26442359012224886,0.3067068983761085,0.527524666619007,0.11331241454385382,0.18482855295100595
1,3,16260,594,1296,848,445,258,19701,0.825338815288564,0.1736397240519698,0.2564828703215624,0.20746927562878434,0.1502920021300828,0.11443680325840566
1,3,42786,286,471,1388,32,22,44985,0.9511170390130044,0.07973502856638595,0.10232378374017598,0.1756551432615316,0.026671112222530956,0.02211451799589927
1,3,2708,2160,2642,502,965,1522,10499,0.2579293266025336,0.4535789671237935,0.5016403229609286,0.2186643032851806,0.3031724188855439,0.3807442543964769
1,3,6022,3354,3261,2507,212,686,16042,0.37538960229397833,0.4572484828192639,0.45086460595850886,0.3953192028735494,0.11495786102630899,0.20679155637273725
1,3,2838,3086,4329,3838,825,1060,15976,0.17764146219328994,0.43950511614847104,0.5205467831330295,0.4901380958766053,0.22724427372303546,0.2575840140350904
2,2,3996,11103,12469,902,5952,741,35163,0.11364218070130534,0.5619235189265271,0.5954877777793838,0.16016230427867917,0.4114229377626625,0.14516641230732058
1,2,21273,2013,6550,909,811,1854,33410,0.6367255312780604,0.24546165022263855,0.4427743071810635,0.16494672754337167,0.1558016989970141,0.23556818026767615
2,2,7588,1897,5234,417,2208,254,17598,0.4311853619729515,0.3283235302156059,0.5453624128797063,0.15393464370048976,0.35421575808128475,0.12013932889582617
1,2,19087,1304,3643,3045,710,898,28687,0.6653536445079653,0.21320443230461864,0.35635841523689943,0.32580000135455767,0.1573209671603409,0.17692760620279344
2,2,8090,3199,6986,1455,3712,531,23973,0.33746297918491636,0.3652968500807672,0.5398251299269019,0.2463600615764098,0.3934982371461573,0.14882848738897672
2,2,6758,4560,9965,934,4538,1037,27792,0.2431635002878526,0.40506294954184235,0.5987958075282541,0.18332155716614243,0.40408464260353344,0.1931654622269513
1,2,444,879,2060,264,290,259,4196,0.10581506196377502,0.4576955582293528,0.7006737871206937,0.2508327408261384,0.26289435401456596,0.2484460762664649
2,2,16448,6243,6360,824,2662,2005,34542,0.47617393318279194,0.4251311500020926,0.4290963476020826,0.1544506946590252,0.2776069186763396,0.2409258770079124
2,2,5283,13316,20399,1809,8752,172,49731,0.1062315256077698,0.5174558452356245,0.6404582773381564,0.19072414968442755,0.4195078176060553,0.05880992524492227
2,2,2886,5302,9785,364,6236,555,25128,0.11485195797516715,0.4593470165681433,0.6240242303396073,0.12035710422492088,0.4981660092892796,0.14861667132332243
2,2,2599,3688,13829,492,10069,59,30736,0.08455882352941177,0.34639513385129467,0.6707670405561921,0.12651991096622134,0.5723602921310396,0.04381293346707236
2,2,161,7460,24773,617,11783,2410,47204,0.00341072790441488,0.39753924894658194,0.7244357940681436,0.11432815135694067,0.49961853086465613,0.2259535247332469
2,2,243,12939,8852,799,3909,211,26953,0.00901569398582718,0.692862091999044,0.5730825002643399,0.17217489785488832,0.38082835742811066,0.08847848384166569
2,2,6468,12867,21570,1840,7558,1543,51846,0.1247540793889596,0.4981739598720931,0.6450114806785627,0.1883871533679087,0.38180869639982024,0.17251439333763588
1,2,17327,2374,2842,1149,351,925,24968,0.693968279397629,0.30835321399632726,0.33738064095620807,0.21452017200574083,0.11856641275090408,0.19247706538311019
1,2,6987,1020,3007,416,257,656,12343,0.5660698371546625,0.28746814159370354,0.49357863153788967,0.18358462250160096,0.1442966329110436,0.23053748722206588
2,2,918,20655,13567,1465,6846,806,44257,0.02074248141536932,0.6831587164384347,0.5536699162964092,0.18193984759003462,0.39330318341522685,0.13495113301307116
1,2,7034,1492,2405,12569,299,1117,24916,0.2823085567506823,0.24470635634328125,0.3106836360688836,0.7102499339632595,0.1095459770088562,0.21173245126784612
1,2,29635,2335,8280,3046,371,117,43784,0.6768454229855655,0.230932855080512,0.43486799978118956,0.26375896620376293,0.09205115396397283,0.051693413759668315
2,2,2137,3737,19172,1274,17120,142,43582,0.049034004864393556,0.2928248778160145,0.6632543881266681,0.17097441869207464,0.6267557139573615,0.05708087134116702
1,2,9784,925,2405,4447,183,297,18041,0.5423202704949837,0.22643343930026383,0.3651129500944883,0.49648171847466616,0.10071525151045084,0.12830628230370775
1,2,10617,1795,7647,1483,857,1233,23632,0.44926371022342587,0.2756017605158907,0.5688467826691234,0.2505072714042546,0.19043210672440788,0.22841851266086502
2,2,1479,14982,11924,662,3891,3508,36446,0.04058058497503155,0.6411504640696198,0.5719868550066423,0.13477336109069485,0.32674253938513376,0.310245047090782
1,2,7127,1375,2201,2679,83,1059,14524,0.4907050399339025,0.3076863493268821,0.3892843110830589,0.4294802890063773,0.07559549690126277,0.27002555036853726
1,2,1182,3088,6114,978,821,1637,13820,0.08552821997105645,0.47269893552544473,0.6651333065520059,0.2660206840483161,0.24373480879598078,0.34416786534611715
1,2,11800,2713,3558,2121,706,51,20949,0.5632727099145544,0.35986801511794714,0.4121177532354838,0.3181915820042547,0.1835780287617238,0.04934048790031236
2,2,9759,25071,17645,1128,12408,1625,67636,0.14428706605949496,0.608831158840578,0.5107658748725246,0.12914143029588024,0.4283136691812703,0.15500215096785025
1,2,1774,3696,2280,514,275,834,9373,0.18926704363597568,0.6279523250052207,0.4932057316549866,0.2341759285622183,0.17128803941428183,0.29829344978203204
1,2,9155,1897,5167,2714,228,1113,20274,0.45156357896813654,0.30588905962757507,0.5048350615601964,0.3658770767842234,0.10604683280863333,0.2343030063542149
1,2,15881,713,3315,3703,1470,229,25311,0.6274347121804749,0.16783792939157674,0.3618987761668491,0.38249186613045755,0.24099277106302244,0.09511808306213823
1,2,13360,944,11593,915,1679,573,29064,0.45967519955959263,0.18022220740168976,0.6315681574162464,0.1774323704334184,0.24035195314741703,0.14041051056853707
1,2,25977,3587,2464,2369,140,1092,35629,0.7290970838362009,0.3172954699955357,0.2629774653229345,0.2578580616979009,0.06268479375001201,0.17506910140386298
1,2,32717,16784,13626,60869,1272,5609,130877,0.24998280828564223,0.35810968759155504,0.32266549575461095,0.6819718017116854,0.0985852381626407,0.20701940417120543
1,2,4414,1610,1431,3498,387,834,12174,0.36257598160013144,0.36366063213371097,0.3428492219038551,0.5360351312203473,0.1782948643387719,0.2617377571614447
1,2,542,899,1664,414,88,522,4129,0.13126665052070718,0.46661361264118584,0.6348252897152864,0.31664871440022474,0.14598858347558233,0.3555599283926898
1,2,16933,2209,3389,7849,210,1534,32124,0.5271136844726684,0.2622304071851634,0.32480370593846136,0.494301986634472,0.08085275797503966,0.21852336081188317
1,2,5113,1486,4583,5127,492,739,17540,0.29150513112884835,0.2910680994895849,0.5111638518776171,0.5406508177442073,0.1674818528606257,0.2052614652076756
1,2,9790,1786,5109,3570,182,1043,21480,0.4557728119180633,0.2883524121522845,0.4876978183375164,0.4076777125603456,0.09204888993248428,0.2203560687171655
2,2,11223,14881,26839,1234,9606,1102,64885,0.17296755798720814,0.4788989709709242,0.643148129179342,0.13790671876611132,0.3847681690126349,0.13032227201335647
1,2,22321,3216,1447,2208,178,2602,31972,0.698142124358814,0.3171561358585052,0.2127401021367975,0.26279350805221596,0.0746148205788821,0.2852783040241643
2,2,16823,928,2743,11559,332,3486,35871,0.46898608904128686,0.16084303010171705,0.2765293048001579,0.5676601268101594,0.09620492378388523,0.3117395824767257
2,2,27082,6817,10790,1365,4111,2139,52304,0.5177806668706026,0.3610182821702812,0.45419596397619016,0.16154699132714373,0.2803536965454846,0.20222644189716155
1,2,13970,1511,1330,650,146,778,18385,0.7598585803644275,0.2866819930421522,0.26896390615113225,0.18802901077525083,0.08911372766902917,0.20571122073598105
1,2,9351,1347,2611,8170,442,868,22789,0.4103295449558998,0.24312026679697005,0.3384860709398272,0.5987539535549022,0.13926708981170194,0.1951628845199361
1,2,3,333,7021,15601,15,550,23523,0.00012753475322025253,0.1189804925500312,0.5463275886497017,0.8143851842523413,0.02525220319301392,0.15290968387814083
1,2,2617,1188,5332,9584,573,1942,21236,0.12323413072141647,0.23652217389819177,0.5010818959919272,0.6717954285037397,0.16426345478150778,0.3024045034501186
2,3,381,4025,9670,388,7271,1371,23106,0.016489223578291353,0.4173693546753365,0.6469204091335223,0.12958462560269512,0.5609636081359504,0.24358825423370317
2,3,2320,5763,11238,767,5162,2158,27408,0.0846468184471687,0.4585488799533588,0.640332936605854,0.16728577364562364,0.43398061136985183,0.2805995998480923
1,3,255,5758,5923,349,4595,1328,18208,0.014004833040421792,0.5623474212122898,0.5703477649074936,0.13844637570380255,0.5023560483332636,0.2700647582302462
2,3,1689,6964,26316,1456,15469,37,51931,0.03252392597870251,0.36619805933316324,0.7118632877673983,0.16744313426340993,0.5457802010023151,0.026692393538820323
1,3,3043,1172,1763,2234,217,379,8808,0.34548138056312444,0.3647750728453092,0.44739126769792054,0.503619956766776,0.15696080375247531,0.20743448239584023
1,3,1198,2602,8335,402,3843,303,16683,0.07180962656596536,0.39492676813664196,0.7068312258423581,0.1552301051412666,0.4799523443345437,0.13476721056317031
2,3,2771,6939,15541,2693,6600,1115,35659,0.077708292436692,0.44112722690912676,0.6601686553204172,0.27481067367016515,0.4302168219904397,0.17682874056159636
2,3,27380,7184,12311,2809,4621,1022,55327,0.4948759195329586,0.36034176446007365,0.4717132817832746,0.22532392541582166,0.28900105171933116,0.13591171319066242
1,3,3428,2380,2028,1341,1184,665,11026,0.310901505532378,0.46460029846088924,0.4288693219831553,0.34874291623145787,0.32769276820761617,0.24558499514870852
2,3,5981,14641,20521,2005,12218,445,55811,0.10716525416136603,0.5121833640318653,0.6063723059778089,0.1895384332748093,0.46788611617930487,0.08929355289810688
1,3,3521,1099,1997,1796,173,995,9581,0.3674981734683227,0.33868302191437794,0.4565450226287535,0.4329599712537731,0.134374738308122,0.3222597903991265
2,3,1210,10044,22294,1741,12638,3137,51064,0.02369575434748551,0.4435023611573962,0.6607491036962566,0.18464687835189916,0.49748702665382244,0.24785623230203505
1,3,608,1106,1533,830,90,195,4362,0.13938560293443375,0.5035408780469391,0.5928273708334945,0.43621060076116275,0.14364100137662184,0.21143382912636555
2,3,117,6264,21203,228,8682,1111,37605,0.0031112883925009972,0.4081342841969742,0.7508892038531626,0.07786541937281599,0.48049303225818346,0.1718835176057263
1,3,14039,7393,2548,6386,1333,2341,34040,0.4124265569917744,0.46603182715861197,0.27359297137088295,0.43313141217362183,0.19788838264511371,0.2622442237733134
1,3,190,727,2012,245,184,127,3485,0.054519368723098996,0.45673659955967116,0.7598232823315084,0.26514390667749954,0.229777510752538,0.19089760037963552
1,3,22686,134,218,3157,9,548,26752,0.8480113636363636,0.07077408630188049,0.09027138774260687,0.3435256444882283,0.018341849551669443,0.14312389653990543
2,3,37,1275,22272,137,6747,110,30578,0.001210020276015436,0.2041975627829036,0.8534440811558108,0.06693538187182789,0.4697327245295455,0.05997797576897029
1,3,759,18664,1660,6114,536,4100,31833,0.023843181603995855,0.7657086941462429,0.2283574892619463,0.43825202609374314,0.12976082863438076,0.35888321245174976
1,3,796,5878,2109,340,232,776,10131,0.07857072352186359,0.7617082039842932,0.4562597226989244,0.18319486699484328,0.15132749211790272,0.27676088007503374
1,3,19746,2872,2006,2601,468,503,28196,0.7003121010072351,0.31915265882331395,0.2667299069099225,0.30372212176937735,0.12883360982731853,0.13356425362112476
1,3,4734,607,864,1206,159,405,7975,0.5936050156739812,0.2758855789355015,0.329148231035396,0.3888734633951195,0.14119951867919064,0.22535238862626047
1,3,2121,1601,2453,560,179,712,7626,0.2781274586939418,0.4581917502988915,0.5671531827966407,0.2709852254172542,0.15320682588419005,0.30555654896563433
1,3,4627,997,4438,191,1335,314,11902,0.3887581919005209,0.2894260424438312,0.6106377877382081,0.1266796079554742,0.33491196233820014,0.162425738883932
1,3,2615,873,1524,1103,514,468,7097,0.3684655488234465,0.35072741897080567,0.46339898786352335,0.3942306205274733,0.26911887391348693,0.25679438535091176
2,3,4692,6128,8025,1619,4515,3105,28084,0.16707021791767554,0.46712154226859276,0.534555790519203,0.24010098525841658,0.4009584727989573,0.33250740386041205
1,3,9561,2217,1664,1173,222,447,15284,0.6255561371368752,0.380859095830379,0.3299576079295949,0.27703235350545713,0.1205196807878703,0.17101541044533972
1,3,3477,894,534,1457,252,342,6956,0.49985623921794137,0.35849984541201274,0.2770708530670836,0.45766741140205675,0.19033580083310894,0.22173449768599338
1,3,22335,1196,2406,2046,101,558,28642,0.7797988967250891,0.20434495480542347,0.2898318715927156,0.2672705728451989,0.059382573736265834,0.13957750448048642
1,3,6211,337,683,1089,41,296,8657,0.7174540834007161,0.1973018882729991,0.2808837683954736,0.35467471719740573,0.06881897812398029,0.18491074432293583
2,3,39679,3944,4955,1364,523,2235,52700,0.7529222011385199,0.27356664576921536,0.30663132651195635,0.16087993330796874,0.09961977048621802,0.20593656103925675
1,3,20105,1887,1939,8164,716,790,33601,0.5983452873426386,0.23697899249855123,0.24022201371757657,0.4929188160916207,0.14597564734016583,0.15333363956960003
1,3,3884,3801,1641,876,397,4829,15428,0.25175006481721546,0.49635696422500636,0.3261365520107,0.23828529274028554,0.16041332405574169,0.5594661146305077
2,3,15076,6257,7398,1504,1916,3113,35264,0.4275181488203267,0.4212280572623877,0.45802731355641046,0.2065181051813499,0.23309446765848937,0.29711444995192665
1,3,6338,2256,1668,1492,311,686,12751,0.4970590541918281,0.4206272694674253,0.361681171126569,0.3420678741923397,0.15617376188860607,0.23194762767521057
1,3,5841,1450,1162,597,476,70,9596,0.6086911213005419,0.3887217860216824,0.34798293308348077,0.24942618599352134,0.2227195583404417,0.08540905178933406
2,3,3136,8630,13586,5641,4666,1426,37085,0.08456249157341243,0.4823988415286783,0.6052665362334598,0.3900128427722632,0.35470983114613036,0.19609233640126805
1,3,38793,3154,2648,1034,96,1242,46967,0.8259629101283881,0.2591399879059847,0.23744475462185805,0.14837606835929612,0.045210489183742195,0.1626164169088347
1,3,3225,3294,1902,282,68,1114,9885,0.3262518968133536,0.5772626524853972,0.43864877360564447,0.16890255426615897,0.08294039885523857,0.3357022550513105
2,3,4048,5164,10391,130,813,179,20725,0.19531966224366706,0.49916697796814247,0.708078491965458,0.0791998586588399,0.19806056024541732,0.09293498771775308
1,3,28257,944,2146,3881,600,270,36098,0.7827857499030417,0.16171281117537864,0.2438222241065262,0.32789156988261936,0.128924084131797,0.08648490481668002
1,3,17770,4591,1617,9927,246,532,34683,0.5123547559323012,0.36382732926445627,0.2159218944664725,0.5349961823655834,0.08421883423843463,0.12385042128217312
1,3,34454,7435,8469,2540,1711,2893,57502,0.5991791589857745,0.359582883964163,0.38377315392735645,0.21017225462222022,0.17249778771241595,0.22430179116588744
1,3,1821,1364,3450,4006,397,361,11399,0.15975085533818756,0.34591851535419116,0.5501437338604854,0.5928189743465483,0.1866215862583533,0.17795910959580163
1,3,10683,21858,15400,3635,282,5120,56978,0.1874934185124083,0.6193720600294541,0.5198843689699002,0.25257979542228887,0.07035110993410089,0.29976531473588713
1,3,11635,922,1614,2583,192,1068,18014,0.6458865326967914,0.22623530599411368,0.2993275465548873,0.3786667078448613,0.10323941504110927,0.2434896733955964
1,3,1206,3620,2857,1945,353,967,10948,0.11015710632078919,0.5750252174737445,0.5108433283322501,0.42149498185581163,0.17956428407524386,0.29719797274178505
1,3,20918,1916,1573,1960,231,961,27559,0.7590260894807503,0.2636732212769507,0.23890906790348923,0.2666835994962654,0.0915533547393733,0.18673682328307337
1,3,9785,848,1172,1677,200,406,14088,0.6945627484383873,0.24534276455219686,0.28842913954835064,0.3450180846061277,0.11914897932059788,0.16976116435885663
1,3,9385,1530,1422,3019,227,684,16267,0.576934898875023,0.30668460946615517,0.2956623775025522,0.4308021114292517,0.11812972562912152,0.20505686694669412
1,3,3352,1181,1328,5502,311,1000,12674,0.26447845983904056,0.30525873306743256,0.3236996174277407,0.6588756256728034,0.1566474548861156,0.28089444369039024
1,3,2647,2761,2313,907,95,1827,10550,0.2509004739336493,0.5115722442993177,0.4682325342830605,0.29320907895398235,0.09489330501406772,0.41614343134337345
1,3,518,4180,3600,659,122,654,9733,0.053221000719202716,0.6553371365643501,0.6081740545879902,0.26020722167585497,0.11195836657018174,0.2592182130736751
1,3,23632,6730,3842,8620,385,819,44028,0.5367493413282457,0.3909696569360347,0.2954025237540247,0.4424754239189289,0.09351168568321715,0.13638841173381966
1,3,12377,865,3204,1398,149,452,18445,0.6710219571699647,0.21655525351736238,0.4167800514381282,0.27530509948833676,0.08987808374488455,0.15654164297515816
1,3,9602,1316,1263,2921,841,290,16233,0.5915111193248321,0.28472693317796566,0.2789345306180214,0.424195819482939,0.22761380744528667,0.1336594299725987
2,3,4515,11991,9345,2644,3378,2213,34086,0.13245907410667135,0.5931160571748569,0.5236024054232093,0.27851122634068776,0.31480513135427873,0.25480191468066143
1,3,11535,1666,1428,6838,64,743,22274,0.517868366705576,0.2734880727902346,0.2532007548372578,0.5540710264429458,0.0536032200421448,0.18263974798308297
1,3,11442,1032,582,5390,74,247,18767,0.6096872169233228,0.2344997703005434,0.17610190958593389,0.5359162866703511,0.06279404109429569,0.1147231464455501
1,3,9612,577,935,1601,469,375,13569,0.7083793942073845,0.20621202419843995,0.2625015572915986,0.34349604796768124,0.18591417344565195,0.16624236653358732
1,3,4446,906,1238,3576,153,1014,11333,0.3923056560487073,0.2827428650749939,0.33051249146577233,0.5617283082723176,0.11619120909303798,0.29912074451729753
1,3,27167,2801,2128,13223,92,1902,47313,0.5741973664743305,0.24331355893813048,0.2120779753146288,0.5286579356269201,0.0440964543250878,0.2005002936746397
1,3,26539,4753,5091,220,10,340,36953,0.7181825562200633,0.3586402727467178,0.3711732738501408,0.07715898204882585,0.016450350246079357,0.09592120093824529
1,3,25606,11006,4604,127,632,288,42263,0.6058727492132598,0.510310604572502,0.33005589701824734,0.05481781231198514,0.12228646146427867,0.08254981094430984
1,3,18073,4613,3444,4324,914,715,32083,0.5633201383910482,0.37918770026783666,0.32763786385961524,0.36711772803583687,0.16878568563076066,0.14928478096580577
1,3,6884,1046,1167,2069,593,378,12137,0.5671912334184724,0.2935689816245389,0.31008428157383744,0.41288068763621605,0.2210404065620438,0.17647785802821714
1,3,25066,5010,5026,9806,1092,960,46960,0.5337734241908006,0.3266290583179168,0.3271502059302491,0.4569639084529763,0.1524920753659145,0.14297877518471744
2,3,7362,12844,18683,2854,7883,553,50179,0.14671476115506488,0.5059285029848838,0.6101860938210968,0.23848769895000732,0.39635538425201255,0.10497879044707766
2,3,8257,3880,6407,1646,2730,344,23264,0.3549260660247593,0.40838865432926674,0.5247895366446099,0.2659945392495708,0.3425619553598626,0.12160096647701059
1,3,8708,3634,6100,2349,2123,5137,28051,0.3104345656126341,0.35993019972219836,0.466327195305921,0.2893792150673722,0.27510648182674535,0.42793775970030956
1,3,6633,2096,4563,1389,1860,1892,18433,0.3598437584766451,0.3372078122816989,0.4975391075738115,0.27450680265040944,0.31765702232650606,0.32037790304499375
1,3,2126,3289,3281,1535,235,4365,14831,0.14334839188186907,0.4709195488568256,0.4703464795251466,0.32171326810707984,0.12587767526799387,0.5425089490634263
1,3,97,3605,12400,98,2970,62,19232,0.005043677204658902,0.4329526571436963,0.802968701408051,0.07138398893920037,0.3929759744215233,0.056778461384618895
1,3,4983,4859,6633,17866,912,2435,37688,0.13221715134790915,0.3590640324648123,0.4195207563867011,0.6885129595883587,0.15555926179827673,0.25418384045919157
1,3,5969,1990,3417,5679,1135,290,18480,0.3229978354978355,0.32815237723347773,0.43000302022497167,0.5543511475637033,0.24782604568073333,0.12527027058580456
2,3,7842,6046,8552,1691,3540,1874,29545,0.26542562193264513,0.4523682066804637,0.538011859416913,0.23923780363500852,0.3461462522653585,0.2518504876575702
2,3,4389,10940,10908,848,6728,993,34806,0.12609894845716255,0.5606368022952123,0.5598162576881854,0.15608848602186315,0.43965896527437687,0.16890696808686895
1,3,5065,5499,11055,364,3485,1063,26531,0.19090874825675624,0.45526582423184914,0.6455093892154774,0.11713154775658757,0.36243036916427945,0.20016577502657767
2,3,660,8494,18622,133,6740,776,35425,0.01863091037402964,0.48966740833278366,0.7250337640885799,0.061273246420340675,0.4361893110012638,0.1480048445677565
1,3,8861,3783,2223,633,1580,1521,18601,0.47637223805171763,0.4509724632080153,0.34570175553411164,0.18447338147165718,0.29144754211126706,0.28595418745443224
1,3,4456,5266,13227,25,6818,1393,31185,0.14288920955587622,0.4109297209133238,0.6512650951388568,0.028313732857645862,0.467579674455686,0.2113502101621335
2,3,17063,4847,9053,1031,3415,1784,37193,0.45876912322211166,0.3609989218087296,0.4933619536013216,0.1664940537775115,0.3030154334615174,0.21901144972436995
1,3,26400,1377,4172,830,948,1218,34945,0.7554728859636571,0.19850637001953278,0.3455251207944428,0.15411557245243665,0.16470684424583648,0.18669432713457676
2,3,17565,3686,4657,1059,1803,668,29438,0.596677763435016,0.3538535157645433,0.39773972441229577,0.18966789731303013,0.24748205459856135,0.15063784036893152
2,3,16980,2884,12232,874,3213,249,36432,0.4660737812911726,0.2813559613501444,0.5794383420783711,0.15488672954743085,0.2969708733272391,0.08267194721542481
1,3,11243,2408,2593,15348,108,1886,33586,0.3347525754778777,0.2677620963189036,0.2778574953265874,0.6760000894991056,0.05670648603350702,0.23696909086797982
1,3,13134,9347,14316,3141,5079,1894,46911,0.2799769776811409,0.44637388245829085,0.552425222681522,0.25875969034723373,0.3290423217818126,0.20093363543986284
1,3,31012,16687,5429,15082,439,1163,69812,0.4442216237896064,0.48890456566218615,0.2788655592119498,0.46479819005064954,0.07929891042600534,0.1290698535730088
1,3,3047,5970,4910,2198,850,317,17292,0.1762086513994911,0.5875766815461096,0.5328661497643232,0.35652601964417935,0.22171080020303768,0.1353963689658009
1,3,8607,1750,3580,47,84,2501,16569,0.5194640593880138,0.3249906566529299,0.46482915961144583,0.053259953140100735,0.07120188545089044,0.3885158104568632
1,3,3097,4230,16483,575,241,2080,26706,0.11596644948700667,0.39798413627333223,0.7856221272742241,0.1467335754192642,0.09499573317129507,0.27907905591214294
1,3,8533,5506,5160,13486,1377,1498,35560,0.23996062992125985,0.3934931961140834,0.3809289456608604,0.6158298013306713,0.19678232793984912,0.20524615526720227
1,3,21117,1162,4754,269,1328,395,29025,0.7275452196382429,0.2000861141051744,0.4047095703686483,0.09626979029626312,0.21390105338071985,0.11665743780404363
1,3,1982,3218,1493,1541,356,1449,10039,0.19743002291064848,0.5661712245984453,0.3856423109969636,0.39179247664478417,0.18831277007268374,0.3799172085692729
1,3,16731,3922,7994,688,2371,838,32544,0.5141039823008849,0.3471509268003871,0.4956174699296912,0.14539810740234846,0.2699170454159877,0.1604672994069437
1,3,29703,12051,16027,13135,182,2204,73302,0.40521404600147337,0.40546524228288305,0.4675932210485113,0.42330863379909395,0.04982849634818059,0.17339951681395066
1,3,39228,1431,764,4510,93,2346,48372,0.810965021086579,0.17199776151959054,0.12567522087830157,0.3053453065344351,0.0438474611711278,0.22022518413909767
2,3,14531,15488,30243,437,14841,1867,77407,0.18772204064231918,0.44730891295239195,0.6250608765422586,0.07513643762203256,0.4378662426006822,0.1553037852065575
1,3,10290,1981,2232,1038,168,2125,17834,0.5769877761579006,0.33328660283257333,0.35377139489082005,0.24125387384955096,0.09705775904240253,0.345187520246137
1,3,2787,1698,2510,65,477,52,7589,0.367242060877586,0.4730168008912774,0.5751016112158668,0.09254743827075022,0.2507072615203808,0.08277694524674524
